datetime_local,San Roque
2024-06-19T00:00,2.1
2024-06-19T01:00,0.8
2024-06-19T02:00,0.4
2024-06-19T03:00,0.5
2024-06-19T04:00,0.5
2024-06-19T05:00,0.4
2024-06-19T06:00,1.1
2024-06-19T07:00,1.8
2024-06-19T08:00,2.0
2024-06-19T09:00,2.0
2024-06-19T10:00,0.5
2024-06-19T11:00,0.8
2024-06-19T12:00,1.1
2024-06-19T13:00,1.6
2024-06-19T14:00,1.7
2024-06-19T15:00,3.5
2024-06-19T16:00,2.6
2024-06-19T17:00,1.3
2024-06-19T18:00,1.4
2024-06-19T19:00,0.7
2024-06-19T20:00,0.4
2024-06-19T21:00,0.5
2024-06-19T22:00,0.3
2024-06-19T23:00,0.5
2024-06-20T00:00,0.7
2024-06-20T01:00,0.3
2024-06-20T02:00,0.3
2024-06-20T03:00,0.9
2024-06-20T04:00,2.0
2024-06-20T05:00,1.5
2024-06-20T06:00,1.1
2024-06-20T07:00,1.0
2024-06-20T08:00,1.0
2024-06-20T09:00,1.0
2024-06-20T10:00,1.0
2024-06-20T11:00,1.2
2024-06-20T12:00,1.5
2024-06-20T13:00,1.5
2024-06-20T14:00,1.5
2024-06-20T15:00,1.1
2024-06-20T16:00,1.3
2024-06-20T17:00,1.2
2024-06-20T18:00,1.1
2024-06-20T19:00,0.8
2024-06-20T20:00,0.3
2024-06-20T21:00,0.1
2024-06-20T22:00,0.1
2024-06-20T23:00,0.1
2024-06-21T00:00,0.1
2024-06-21T01:00,0.1
2024-06-21T02:00,0.2
2024-06-21T03:00,0.3
2024-06-21T04:00,0.4
2024-06-21T05:00,0.3
2024-06-21T06:00,0.7
2024-06-21T07:00,0.9
2024-06-21T08:00,0.4
2024-06-21T09:00,0.3
2024-06-21T10:00,0.1
2024-06-21T11:00,0.2
2024-06-21T12:00,0.3
2024-06-21T13:00,0.2
2024-06-21T14:00,0.1
2024-06-21T15:00,0.3
2024-06-21T16:00,0.5
2024-06-21T17:00,1.3
2024-06-21T18:00,0.9
2024-06-21T19:00,0.2
2024-06-21T20:00,0.1
2024-06-21T21:00,0.1
2024-06-21T22:00,0.3
2024-06-21T23:00,0.3
2024-06-22T00:00,0.1
2024-06-22T01:00,0.0
2024-06-22T02:00,0.2
2024-06-22T03:00,0.0
2024-06-22T04:00,0.0
2024-06-22T05:00,0.0
2024-06-22T06:00,0.0
2024-06-22T07:00,0.0
2024-06-22T08:00,0.0
2024-06-22T09:00,0.1
2024-06-22T10:00,0.3
2024-06-22T11:00,0.3
2024-06-22T12:00,0.2
2024-06-22T13:00,0.5
2024-06-22T14:00,1.0
2024-06-22T15:00,0.4
2024-06-22T16:00,0.3
2024-06-22T17:00,0.7
2024-06-22T18:00,0.5
2024-06-22T19:00,0.0
2024-06-22T20:00,0.3
2024-06-22T21:00,0.9
2024-06-22T22:00,1.3
2024-06-22T23:00,0.3
2024-06-23T00:00,0.2
2024-06-23T01:00,0.0
2024-06-23T02:00,0.0
2024-06-23T03:00,1.9
2024-06-23T04:00,2.3
2024-06-23T05:00,0.8
2024-06-23T06:00,0.2
2024-06-23T07:00,0.1
2024-06-23T08:00,0.1
2024-06-23T09:00,0.1
2024-06-23T10:00,0.5
2024-06-23T11:00,3.0
2024-06-23T12:00,4.0
2024-06-23T13:00,3.8
2024-06-23T14:00,3.0
2024-06-23T15:00,2.2
2024-06-23T16:00,1.3
2024-06-23T17:00,0.2
2024-06-23T18:00,0.1
2024-06-23T19:00,0.1
2024-06-23T20:00,0.0
2024-06-23T21:00,0.4
2024-06-23T22:00,0.7
2024-06-23T23:00,0.2
2024-06-24T00:00,0.2
2024-06-24T01:00,0.4
2024-06-24T02:00,1.2
2024-06-24T03:00,0.8
2024-06-24T04:00,1.3
2024-06-24T05:00,1.8
2024-06-24T06:00,1.2
2024-06-24T07:00,0.6
2024-06-24T08:00,0.2
2024-06-24T09:00,0.1
2024-06-24T10:00,0.2
2024-06-24T11:00,0.6
2024-06-24T12:00,0.8
2024-06-24T13:00,1.8
2024-06-24T14:00,1.0
2024-06-24T15:00,0.6
2024-06-24T16:00,1.0
2024-06-24T17:00,1.7
2024-06-24T18:00,0.6
2024-06-24T19:00,0.0
2024-06-24T20:00,0.6
2024-06-24T21:00,0.4
2024-06-24T22:00,1.1
2024-06-24T23:00,0.5
2024-06-25T00:00,1.1
2024-06-25T01:00,0.9
2024-06-25T02:00,0.1
2024-06-25T03:00,0.0
2024-06-25T04:00,0.0
2024-06-25T05:00,0.0
2024-06-25T06:00,0.3
2024-06-25T07:00,0.8
2024-06-25T08:00,0.2
2024-06-25T09:00,0.2
2024-06-25T10:00,0.2
2024-06-25T11:00,0.3
2024-06-25T12:00,0.5
2024-06-25T13:00,0.5
2024-06-25T14:00,0.2
2024-06-25T15:00,0.2
2024-06-25T16:00,0.8
2024-06-25T17:00,2.5
2024-06-25T18:00,1.6
2024-06-25T19:00,0.4
2024-06-25T20:00,0.2
2024-06-25T21:00,0.2
2024-06-25T22:00,0.1
2024-06-25T23:00,0.1
2024-06-26T00:00,0.1
2024-06-26T01:00,0.9
2024-06-26T02:00,1.7
2024-06-26T03:00,1.1
2024-06-26T04:00,0.1
2024-06-26T05:00,0.1
2024-06-26T06:00,0.1
2024-06-26T07:00,0.1
2024-06-26T08:00,0.7
2024-06-26T09:00,1.7
2024-06-26T10:00,2.6
2024-06-26T11:00,2.5
2024-06-26T12:00,1.3
2024-06-26T13:00,1.3
2024-06-26T14:00,1.1
2024-06-26T15:00,1.0
2024-06-26T16:00,1.3
2024-06-26T17:00,1.0
2024-06-26T18:00,0.7
2024-06-26T19:00,0.5
2024-06-26T20:00,0.7
2024-06-26T21:00,0.6
2024-06-26T22:00,1.0
2024-06-26T23:00,0.7
2024-06-27T00:00,1.3
2024-06-27T01:00,1.7
2024-06-27T02:00,1.9
2024-06-27T03:00,1.1
2024-06-27T04:00,0.9
2024-06-27T05:00,0.5
2024-06-27T06:00,0.2
2024-06-27T07:00,0.1
2024-06-27T08:00,0.1
2024-06-27T09:00,0.0
2024-06-27T10:00,0.0
2024-06-27T11:00,0.0
2024-06-27T12:00,0.1
2024-06-27T13:00,0.6
2024-06-27T14:00,0.6
2024-06-27T15:00,0.3
2024-06-27T16:00,0.5
2024-06-27T17:00,0.3
2024-06-27T18:00,0.6
2024-06-27T19:00,0.0
2024-06-27T20:00,0.0
2024-06-27T21:00,0.0
2024-06-27T22:00,0.1
2024-06-27T23:00,0.4
2024-06-28T00:00,0.5
2024-06-28T01:00,0.1
2024-06-28T02:00,0.1
2024-06-28T03:00,0.0
2024-06-28T04:00,0.0
2024-06-28T05:00,0.0
2024-06-28T06:00,0.0
2024-06-28T07:00,0.0
2024-06-28T08:00,0.0
2024-06-28T09:00,0.0
2024-06-28T10:00,0.0
2024-06-28T11:00,0.1
2024-06-28T12:00,0.1
2024-06-28T13:00,0.0
2024-06-28T14:00,0.1
2024-06-28T15:00,0.0
2024-06-28T16:00,0.0
2024-06-28T17:00,0.0
2024-06-28T18:00,0.0
2024-06-28T19:00,0.1
2024-06-28T20:00,0.1
2024-06-28T21:00,0.8
2024-06-28T22:00,0.5
2024-06-28T23:00,0.0
2024-06-29T00:00,0.0
2024-06-29T01:00,0.1
2024-06-29T02:00,0.3
2024-06-29T03:00,0.9
2024-06-29T04:00,0.3
2024-06-29T05:00,0.1
2024-06-29T06:00,0.0
2024-06-29T07:00,0.0
2024-06-29T08:00,0.0
2024-06-29T09:00,0.2
2024-06-29T10:00,0.1
2024-06-29T11:00,0.2
2024-06-29T12:00,0.5
2024-06-29T13:00,0.7
2024-06-29T14:00,0.9
2024-06-29T15:00,0.8
2024-06-29T16:00,0.8
2024-06-29T17:00,1.0
2024-06-29T18:00,0.7
2024-06-29T19:00,0.0
2024-06-29T20:00,0.0
2024-06-29T21:00,0.0
2024-06-29T22:00,0.2
2024-06-29T23:00,0.2
2024-06-30T00:00,0.2
2024-06-30T01:00,0.8
2024-06-30T02:00,1.0
2024-06-30T03:00,0.6
2024-06-30T04:00,0.1
2024-06-30T05:00,0.0
2024-06-30T06:00,0.3
2024-06-30T07:00,0.8
2024-06-30T08:00,0.4
2024-06-30T09:00,0.7
2024-06-30T10:00,0.8
2024-06-30T11:00,0.9
2024-06-30T12:00,0.2
2024-06-30T13:00,0.1
2024-06-30T14:00,0.2
2024-06-30T15:00,0.3
2024-06-30T16:00,0.3
2024-06-30T17:00,0.5
2024-06-30T18:00,0.4
2024-06-30T19:00,0.1
2024-06-30T20:00,0.1
2024-06-30T21:00,0.0
2024-06-30T22:00,0.2
2024-06-30T23:00,0.4
2024-07-01T00:00,0.7
2024-07-01T01:00,0.7
2024-07-01T02:00,0.9
2024-07-01T03:00,1.3
2024-07-01T04:00,1.1
2024-07-01T05:00,0.6
2024-07-01T06:00,0.4
2024-07-01T07:00,0.5
2024-07-01T08:00,0.5
2024-07-01T09:00,0.8
2024-07-01T10:00,1.4
2024-07-01T11:00,1.3
2024-07-01T12:00,1.3
2024-07-01T13:00,1.4
2024-07-01T14:00,1.2
2024-07-01T15:00,0.4
2024-07-01T16:00,0.3
2024-07-01T17:00,0.3
2024-07-01T18:00,0.6
2024-07-01T19:00,0.2
2024-07-01T20:00,0.1
2024-07-01T21:00,0.0
2024-07-01T22:00,0.0
2024-07-01T23:00,0.0
2024-07-02T00:00,0.0
2024-07-02T01:00,0.0
2024-07-02T02:00,0.2
2024-07-02T03:00,0.0
2024-07-02T04:00,0.0
2024-07-02T05:00,0.0
2024-07-02T06:00,0.1
2024-07-02T07:00,0.2
2024-07-02T08:00,0.0
2024-07-02T09:00,0.0
2024-07-02T10:00,0.1
2024-07-02T11:00,0.5
2024-07-02T12:00,1.4
2024-07-02T13:00,1.2
2024-07-02T14:00,1.1
2024-07-02T15:00,0.7
2024-07-02T16:00,0.7
2024-07-02T17:00,2.5
2024-07-02T18:00,2.9
2024-07-02T19:00,1.9
2024-07-02T20:00,1.5
2024-07-02T21:00,1.1
2024-07-02T22:00,0.5
2024-07-02T23:00,0.1
2024-07-03T00:00,0.2
2024-07-03T01:00,0.1
2024-07-03T02:00,0.2
2024-07-03T03:00,1.2
2024-07-03T04:00,1.6
2024-07-03T05:00,1.4
2024-07-03T06:00,0.9
2024-07-03T07:00,0.4
2024-07-03T08:00,0.1
2024-07-03T09:00,0.0
2024-07-03T10:00,0.0
2024-07-03T11:00,0.0
2024-07-03T12:00,0.1
2024-07-03T13:00,0.2
2024-07-03T14:00,0.1
2024-07-03T15:00,0.0
2024-07-03T16:00,0.0
2024-07-03T17:00,0.1
2024-07-03T18:00,0.0
2024-07-03T19:00,0.1
2024-07-03T20:00,0.2
2024-07-03T21:00,0.3
2024-07-03T22:00,0.5
2024-07-03T23:00,0.6
2024-07-04T00:00,0.3
2024-07-04T01:00,0.2
2024-07-04T02:00,0.4
2024-07-04T03:00,0.6
2024-07-04T04:00,0.1
2024-07-04T05:00,0.0
2024-07-04T06:00,0.0
2024-07-04T07:00,0.0
2024-07-04T08:00,0.0
2024-07-04T09:00,0.1
2024-07-04T10:00,0.6
2024-07-04T11:00,0.6
2024-07-04T12:00,0.6
2024-07-04T13:00,0.9
2024-07-04T14:00,1.2
2024-07-04T15:00,0.2
2024-07-04T16:00,0.2
2024-07-04T17:00,0.1
2024-07-04T18:00,0.5
2024-07-04T19:00,0.1
2024-07-04T20:00,0.3
2024-07-04T21:00,0.8
2024-07-04T22:00,0.8
2024-07-04T23:00,0.8
2024-07-05T00:00,1.1
2024-07-05T01:00,1.0
2024-07-05T02:00,0.3
2024-07-05T03:00,0.0
2024-07-05T04:00,0.0
2024-07-05T05:00,0.1
2024-07-05T06:00,0.1
2024-07-05T07:00,0.3
2024-07-05T08:00,0.6
2024-07-05T09:00,0.4
2024-07-05T10:00,0.2
2024-07-05T11:00,0.6
2024-07-05T12:00,1.5
2024-07-05T13:00,3.0
2024-07-05T14:00,1.3
2024-07-05T15:00,1.9
2024-07-05T16:00,0.8
2024-07-05T17:00,0.2
2024-07-05T18:00,0.9
2024-07-05T19:00,0.8
2024-07-05T20:00,0.4
2024-07-05T21:00,0.7
2024-07-05T22:00,1.0
2024-07-05T23:00,0.6
2024-07-06T00:00,0.3
2024-07-06T01:00,0.2
2024-07-06T02:00,0.1
2024-07-06T03:00,0.0
2024-07-06T04:00,0.0
2024-07-06T05:00,0.0
2024-07-06T06:00,0.0
2024-07-06T07:00,0.0
2024-07-06T08:00,0.0
2024-07-06T09:00,0.0
2024-07-06T10:00,0.0
2024-07-06T11:00,0.1
2024-07-06T12:00,0.1
2024-07-06T13:00,0.1
2024-07-06T14:00,0.1
2024-07-06T15:00,0.1
2024-07-06T16:00,0.1
2024-07-06T17:00,0.1
2024-07-06T18:00,0.0
2024-07-06T19:00,0.0
2024-07-06T20:00,0.1
2024-07-06T21:00,0.0
2024-07-06T22:00,0.0
2024-07-06T23:00,0.0
2024-07-07T00:00,0.0
2024-07-07T01:00,0.0
2024-07-07T02:00,0.0
2024-07-07T03:00,0.0
2024-07-07T04:00,0.0
2024-07-07T05:00,0.0
2024-07-07T06:00,0.0
2024-07-07T07:00,0.0
2024-07-07T08:00,0.0
2024-07-07T09:00,0.0
2024-07-07T10:00,0.0
2024-07-07T11:00,0.1
2024-07-07T12:00,0.1
2024-07-07T13:00,0.1
2024-07-07T14:00,0.1
2024-07-07T15:00,0.1
2024-07-07T16:00,0.4
2024-07-07T17:00,0.9
2024-07-07T18:00,0.5
2024-07-07T19:00,0.1
2024-07-07T20:00,0.2
2024-07-07T21:00,0.3
2024-07-07T22:00,0.3
2024-07-07T23:00,0.8
2024-07-08T00:00,1.3
2024-07-08T01:00,1.0
2024-07-08T02:00,0.5
2024-07-08T03:00,0.0
2024-07-08T04:00,0.0
2024-07-08T05:00,0.3
2024-07-08T06:00,0.1
2024-07-08T07:00,0.2
2024-07-08T08:00,0.6
2024-07-08T09:00,0.3
2024-07-08T10:00,0.7
2024-07-08T11:00,1.4
2024-07-08T12:00,1.8
2024-07-08T13:00,1.4
2024-07-08T14:00,1.3
2024-07-08T15:00,4.4
2024-07-08T16:00,4.2
2024-07-08T17:00,4.2
2024-07-08T18:00,4.5
2024-07-08T19:00,3.8
2024-07-08T20:00,2.7
2024-07-08T21:00,2.5
2024-07-08T22:00,2.4
2024-07-08T23:00,2.1
